"~id","~labels","a","nhs_no","surname","name","triangleCount","age"
"0","Person",0,"117-66-8129","Hamilton","Todd",0,
"2","Person",0,"991-70-5333","Hamilton","Benjamin",0,
"5","Person",0,"620-83-1546","Campbell","Nancy",0,
"9","Person",0,"595-90-8809","Garcia","Todd",0,
"13","Person",0,"556-65-1110","Turner","Rachel",0,
"16","Person",0,"770-22-6561","Kelly","Mildred",0,
"20","Person",0,"627-79-5997","Perez","Stephen",0,
"23","Person",0,"801-38-9691","Rodriguez","Denise",0,
"27","Person",1,"664-34-9245","Washington","Antonio",1,
"31","Person",0,"506-14-4016","Mason","Nicholas",0,
"35","Person",0,"513-35-3310","Warren","Lawrence",0,
"39","Person",0,"627-15-0737","Myers","Phillip",0,
"43","Person",1,"791-62-3536","Young","Mary",1,
"47","Person",1,"821-11-2735","Hughes","Stephanie",1,
"50","Person",1,"838-11-7607","Gibson","Pamela",1,
"53","Person",0,"484-37-1068","Nguyen","Paul",0,
"57","Person",0,"529-97-6193","Rodriguez","Gregory",0,
"59","Person",0,"581-26-5472","Parker","Louis",0,
"62","Person",0,"797-43-7696","White","Sharon",0,
"66","Person",0,"444-91-2379","Mason","Philip",0,
"70","Person",0,"666-57-8563","Nguyen","Anne",0,
"74","Person",0,"686-68-0909","Peters","Mary",0,
"78","Person",0,"699-67-1766","Rose","Louis",0,
"82","Person",0,"756-76-4958","Lynch","Stephanie",0,
"86","Person",0,"497-20-7808","Burns","Peter",0,
"90","Person",0,"801-08-0289","Riley","Sarah",0,
"92","Person",0,"777-00-7153","Reyes","Judith",0,
"94","Person",0,"456-46-1699","Cox","Diane",0,
"98","Person",0,"760-58-1758","Kelly","Scott",0,
"102","Person",0,"661-39-2243","Mason","Michael",0,
"106","Person",0,"678-06-9352","Hughes","Maria",0,
"110","Person",0,"525-30-4448","Harrison","Thomas",0,
"114","Person",1,"585-92-9741","Gordon","Craig",1,
"118","Person",1,"552-54-9978","Thompson","Bobby",1,
"121","Person",1,"641-55-5639","Austin","Brian",1,
"124","Person",0,"638-96-9343","Hernandez","Lois",0,
"128","Person",0,"555-44-2746","Porter","Lillian",0,
"131","Person",0,"442-54-3651","Mcdonald","Dennis",0,
"135","Person",0,"586-76-9388","Brown","Gregory",0,
"137","Person",0,"659-27-7887","Lewis","Maria",0,
"141","Person",0,"795-37-7998","Collins","Irene",0,
"143","Person",0,"766-98-1818","Chavez","Carlos",0,
"147","Person",0,"508-10-3584","Bennett","Ashley",0,
"151","Person",0,"709-64-4352","Austin","Irene",0,
"155","Person",0,"640-26-0925","Ruiz","Sandra",0,
"159","Person",0,"589-69-0106","Mills","David",0,
"162","Person",0,"520-24-8922","Warren","Melissa",0,
"166","Person",0,"598-89-4448","Fernandez","Jerry",0,
"170","Person",0,"577-47-4459","Garrett","Harry",0,
"174","Person",0,"709-43-8302","Ferguson","Eugene",0,
"175","Person",0,"630-78-2095","Lee","Stephen",0,
"179","Person",0,"819-35-6503","Rogers","Kathleen",0,
"183","Person",0,"774-09-5550","Grant","George",0,
"187","Person",0,"606-92-8035","Garza","Timothy",0,
"191","Person",0,"493-92-1993","Lane","Gary",0,
"195","Person",0,"689-65-9692","Cole","Douglas",0,
"199","Person",0,"554-93-4466","Robertson","Ashley",0,
"203","Person",0,"633-71-2217","Arnold","Paul",0,
"207","Person",1,"660-62-5107","Scott","Philip",1,
"211","Person",1,"675-57-0293","Baker","Linda",1,
"214","Person",1,"785-79-1645","Long","Rebecca",1,
"217","Person",0,"825-47-6075","King","Juan",0,
"221","Person",0,"529-47-8404","Barnes","Jeremy",0,
"225","Person",0,"458-11-9205","Green","Richard",0,
"229","Person",0,"502-01-4060","Torres","Barbara",0,
"232","Person",0,"673-28-6979","Crawford","Rose",0,
"236","Person",0,"761-47-7037","Brown","Christine",0,
"240","Person",0,"481-52-1716","Knight","James",0,
"242","Person",1,"649-53-9893","Webb","Wanda",1,
"246","Person",1,"773-64-9939","Hawkins","Kevin",1,
"249","Person",1,"695-36-0203","Gray","Jennifer",1,
"252","Person",0,"534-70-7883","Stephens","Lawrence",0,
"256","Person",0,"707-08-4356","Dunn","Jessica",0,
"260","Person",0,"552-99-8341","Payne","Sandra",0,
"264","Person",0,"625-92-4356","Welch","Philip",0,
"268","Person",0,"484-38-1830","Wood","Evelyn",0,
"272","Person",0,"535-67-6237","Castillo","Ryan",0,
"276","Person",0,"611-48-1839","Howard","Heather",0,
"280","Person",0,"591-90-2791","Coleman","Janice",0,
"284","Person",0,"596-61-3861","Hayes","Carl",0,
"288","Person",0,"799-52-5205","Hanson","Richard",0,
"292","Person",0,"450-68-4090","Lee","Rebecca",0,
"296","Person",0,"606-54-1149","Franklin","Richard",0,
"298","Person",0,"504-30-7137","Moreno","Daniel",0,
"302","Person",0,"827-46-6267","Woods","Nicholas",0,
"306","Person",0,"792-88-0162","Lawrence","William",0,
"310","Person",0,"683-87-3766","Sims","Harry",0,
"314","Person",0,"689-85-2810","Watson","Nicholas",0,
"317","Person",0,"520-74-1446","Chavez","Evelyn",0,
"319","Person",0,"695-46-9632","Bradley","Rachel",0,
"323","Person",0,"585-01-6112","Robertson","Kelly",0,
"327","Person",0,"576-99-9244","Fox","Ann",0,
"331","Person",0,"452-95-4283","Williamson","Raymond",0,
"335","Person",0,"545-33-7212","Parker","Rose",0,
"339","Person",0,"444-08-9581","Thompson","Sharon",0,
"343","Person",0,"456-41-9569","Elliott","Patricia",0,
"347","Person",0,"673-07-4750","Knight","Peter",0,
"349","Person",0,"505-69-9935","Turner","Larry",0,
"353","Person",1,"690-09-2036","Murray","Phyllis",1,
"357","Person",1,"679-66-9286","Black","Joshua",1,
"360","Person",1,"543-43-9738","Weaver","Wanda",1,
"363","Person",0,"816-84-2237","Sanders","Patrick",0,
"367","Person",0,"436-67-3063","Bryant","Shirley",0,
"369","Person",3,"568-22-7686","Hunter","Rachel",3,
"373","Person",3,"658-56-4620","Wagner","Diane",3,
"376","Person",3,"647-19-8518","Moore","Judith",3,
"379","Person",3,"528-85-4153","Robinson","Bonnie",3,
"382","Person",0,"620-85-3606","West","Brenda",0,
"386","Person",0,"706-24-9599","Coleman","Henry",0,
"389","Person",0,"534-62-8298","Rogers","Jennifer",0,
"393","Person",0,"434-76-7869","Peterson","Kelly",0,
"397","Person",0,"780-64-7865","Moreno","Julie",0,
"401","Person",0,"600-92-0796","Ford","Philip",0,
"403","Person",0,"822-58-3710","Lewis","Jeffrey",0,
"407","Person",0,"439-13-7582","Black","Eric",0,
"411","Person",0,"820-53-4909","Foster","Cynthia",0,
"415","Person",0,"692-38-3827","Ford","Dennis",0,
"419","Person",0,"531-09-1058","Mcdonald","Alice",0,
"423","Person",0,"803-26-5349","Murphy","Jonathan",0,
"427","Person",0,"824-65-1090","Edwards","Randy",0,
"431","Person",0,"632-68-0917","Rice","Anne",0,
"433","Person",0,"641-52-2437","Fox","Johnny",0,
"436","Person",0,"775-75-2532","Gardner","Philip",0,
"440","Person",0,"784-43-0212","Evans","Karen",0,
"444","Person",1,"765-24-1639","Watson","Amy",1,
"448","Person",0,"438-07-5350","Cooper","Amanda",0,
"452","Person",0,"778-24-6852","Edwards","Brenda",0,
"456","Person",0,"632-58-9372","Mcdonald","Patricia",0,
"460","Person",0,"447-68-8669","Martin","Douglas",0,
"464","Person",0,"507-22-5331","Rodriguez","Judith",0,
"468","Person",0,"576-82-7408","Baker","Bruce",0,
"471","Person",0,"577-08-1339","Carr","Phillip",0,
"475","Person",0,"596-71-0231","Hernandez","Norma",0,
"479","Person",0,"537-27-1654","Ortiz","Rose",0,
"483","Person",0,"490-89-5771","Austin","Scott",0,
"487","Person",0,"612-83-6356","Rice","Anne",0,
"490","Person",0,"560-44-9582","Cruz","Margaret",0,
"494","Person",0,"680-41-2384","Hawkins","Gary",0,
"496","Person",0,"800-78-8581","Arnold","Justin",0,
"500","Person",0,"520-50-0673","Jordan","Donna",0,
"503","Person",0,"773-71-9737","Gonzales","Mary",0,
"505","Person",0,"569-73-6017","Phillips","Matthew",0,
"509","Person",0,"575-05-6519","George","Annie",0,
"512","Person",0,"680-93-7668","Russell","Bobby",0,
"516","Person",0,"609-34-3409","Matthews","Carl",0,
"519","Person",0,"834-40-2242","Russell","Jonathan",0,
"523","Person",0,"626-48-1142","Fuller","Rachel",0,
"527","Person",0,"763-27-9872","Dixon","William",0,
"531","Person",0,"446-36-0249","Bailey","Billy",0,
"535","Person",0,"438-49-1893","Payne","Justin",0,
"539","Person",0,"814-78-4935","Hawkins","Carolyn",0,
"543","Person",0,"710-72-8214","Taylor","Frank",0,
"546","Person",0,"673-48-8212","Moreno","Barbara",0,
"550","Person",0,"463-00-8389","Pierce","Roy",0,
"554","Person",0,"600-92-0643","Patterson","Michelle",0,
"558","Person",0,"837-88-3558","Castillo","Christine",0,
"562","Person",0,"431-33-8884","Weaver","John",0,
"565","Person",0,"651-47-1970","Carpenter","Christine",0,
"569","Person",0,"690-37-4924","Knight","Cynthia",0,
"572","Person",0,"446-63-4367","Jacobs","Jennifer",0,
"576","Person",0,"556-15-9637","Mccoy","Angela",0,
"580","Person",0,"784-14-7719","Tucker","Louis",0,
"584","Person",0,"821-24-9412","Garza","Johnny",0,
"588","Person",0,"510-39-9110","Gutierrez","Eric",0,
"592","Person",0,"699-85-1673","Payne","Norma",0,
"596","Person",0,"576-60-7800","Reid","Julia",0,
"600","Person",0,"759-01-0406","Boyd","Billy",0,
"604","Person",1,"534-57-0755","Cruz","Ralph",1,
"608","Person",1,"653-64-4372","Murray","Jennifer",1,
"611","Person",1,"691-51-9612","Larson","Lois",1,
"614","Person",1,"674-92-1788","Holmes","Jacqueline",1,
"618","Person",0,"821-35-7665","Burke","Stephen",0,
"622","Person",0,"508-75-5974","Rogers","Joseph",0,
"626","Person",0,"744-46-9190","Fernandez","Judith",0,
"630","Person",0,"455-19-0708","Robertson","Amanda",0,
"634","Person",0,"552-42-2675","Franklin","Lillian",0,
"638","Person",0,"615-88-9385","Graham","Wanda",0,
"640","Person",0,"804-54-6976","Freeman","Anne",0,
"644","Person",0,"428-68-7549","Hall","Gregory",0,
"646","Person",0,"660-53-6807","Burke","Joyce",0,
"650","Person",0,"679-81-5309","Vasquez","Gary",0,
"654","Person",0,"649-24-1018","Rivera","Maria",0,
"658","Person",0,"681-29-5922","Stanley","Daniel",0,
"662","Person",0,"430-16-3985","Robertson","Harold",0,
"666","Person",0,"820-74-9970","Alexander","Charles",0,
"670","Person",0,"659-67-2728","Hansen","Norma",0,
"674","Person",0,"538-52-3401","Spencer","Mildred",0,
"678","Person",0,"436-38-3179","Coleman","Richard",0,
"682","Person",0,"687-34-2480","Anderson","Elizabeth",0,
"685","Person",0,"699-06-8530","Patterson","Heather",0,
"689","Person",0,"468-82-3915","Williamson","Fred",0,
"693","Person",0,"806-49-7942","Day","Howard",0,
"697","Person",0,"503-57-3996","Perez","William",0,
"701","Person",1,"662-28-8348","Nichols","Richard",1,
"705","Person",1,"831-20-7307","Edwards","Phillip",1,
"706","Person",1,"692-42-9948","Hernandez","Antonio",1,
"709","Person",0,"786-70-5968","Reynolds","Ruby",0,
"713","Person",0,"800-46-2184","George","Andrea",0,
"716","Person",0,"483-40-6408","Ford","Jimmy",0,
"720","Person",0,"694-81-0546","Butler","Denise",0,
"724","Person",0,"475-65-9761","Walker","Harold",0,
"726","Person",0,"646-37-8429","Fuller","Nancy",0,
"728","Person",0,"613-15-7837","Franklin","Kelly",0,
"732","Person",0,"694-00-4113","Hunter","Larry",0,
"736","Person",0,"760-95-8112","Jackson","Norma",0,
"740","Person",0,"817-89-6264","Bradley","Dennis",0,
"744","Person",0,"502-24-6207","Armstrong","Victor",0,
"748","Person",0,"821-53-7430","Johnston","Marilyn",0,
"752","Person",0,"517-87-6459","Sullivan","Frances",0,
"756","Person",0,"436-61-3192","Warren","Rebecca",0,
"760","Person",0,"696-28-4220","Boyd","Linda",0,
"764","Person",0,"563-60-8705","Foster","Jessica",0,
"768","Person",0,"537-30-3032","Gibson","Melissa",0,
"772","Person",0,"548-59-5017","Alexander","Kimberly",0,"12"
"776","Person",2,"856-03-3848","Kennedy","Betty",2,
"780","Person",2,"274-27-6513","Frazier","Donna",2,
"783","Person",2,"888-09-8856","Day","Gloria",2,
"784","Person",1,"243-46-3035","Williamson","Emily",1,
"788","Person",1,"839-36-4360","Ross","Cheryl",1,
"792","Person",1,"298-33-3046","Nguyen","William",1,
"796","Person",1,"871-98-0966","Fisher","Mark",1,
"798","Person",1,"260-71-8148","Taylor","Scott",1,
"802","Person",1,"910-33-1979","Allen","Virginia",1,
"806","Person",2,"213-32-1448","Hall","Dorothy",2,
"810","Person",2,"842-04-5706","Hansen","Ruth",2,
"813","Person",2,"291-79-2723","Harper","Kathy",2,
"816","Person",1,"859-81-0332","Black","Carlos",1,
"820","Person",1,"270-75-5897","White","Catherine",1,
"824","Person",1,"859-40-9947","Wood","Kimberly",1,
"828","Person",1,"271-78-8919","Willis","Arthur",1,
"832","Person",1,"872-88-7149","Daniels","Martin",1,
"836","Person",1,"258-98-0727","Murray","Mary",1,
"839","Person",1,"917-80-4656","Myers","Sean",1,
"843","Person",1,"205-52-5697","Clark","Ernest",1,
"847","Person",1,"874-32-9427","Richardson","Karen",1,
"849","Person",1,"253-58-9660","Johnston","Jerry",1,
"853","Person",1,"853-69-5350","Martin","Brandon",1,
"857","Person",1,"276-19-9235","Bailey","Amy",1,
"861","Person",1,"879-22-8665","Walker","Raymond",1,
"863","Person",2,"250-75-5238","Peters","Kathleen",2,
"867","Person",1,"900-41-3309","Murray","Diana",1,
"870","Person",1,"218-31-0921","Wheeler","Kathy",1,
"874","Person",3,"881-20-2396","Ward","Alan",3,
"877","Person",1,"249-54-6589","Powell","Jack",1,
"881","Person",1,"858-54-4075","Campbell","Jeffrey",1,
"885","Person",1,"272-95-2412","Owens","Gloria",1,
"888","Person",1,"843-95-9006","Woods","Jane",1,
"892","Person",1,"289-76-4820","Jackson","Mark",1,
"896","Person",1,"852-52-0933","Hicks","Alan",1,
"900","Person",1,"280-97-6061","Crawford","Joan",1,
"904","Person",1,"899-42-6637","Hudson","James",1,
"908","Person",1,"219-06-7487","Palmer","Henry",1,
"910","Person",9,"884-33-9676","Perry","Phillip",9,
"914","Person",8,"245-63-7539","Bryant","Peter",8,
"917","Person",10,"838-45-9343","Ford","Deborah",10,
"920","Person",7,"298-36-6290","Hunt","Jonathan",7,
"923","Person",7,"915-75-5600","Lopez","Harry",7,
"926","Person",1,"206-59-6235","Mason","Wayne",1,
"930","Person",1,"878-32-2595","Chapman","Anna",1,
"934","Person",1,"252-29-4929","Carroll","Kenneth",1,
"938","Person",1,"915-74-6216","Fields","Joshua",1,
"942","Person",1,"209-45-4933","Ross","Gary",1,
"946","Person",1,"913-31-1925","Rice","Helen",1,
"949","Person",1,"212-34-2732","Scott","Christopher",1,
"951","Person",1,"852-88-1263","Reed","Larry",1,
"955","Person",1,"276-40-8351","Lawrence","Mary",1,
"959","Person",1,"846-65-7776","Hicks","Peter",1,
"961","Person",1,"287-46-9776","Smith","Wayne",1,
"965","Person",1,"846-48-9238","Moore","Billy",1,
"969","Person",1,"288-59-8593","Brooks","Roger",1,
"973","Person",1,"863-96-9468","Duncan","Annie",1,
"977","Person",1,"263-14-7231","Wheeler","Walter",1,
"981","Person",1,"873-28-7561","Robinson","Donald",1,
"985","Person",1,"256-31-7892","Patterson","Christopher",1,
"989","Person",1,"883-98-9193","Allen","Kathryn",1,
"993","Person",1,"247-72-6304","Flores","Joan",1,
"997","Person",1,"896-25-8370","Matthews","Carlos",1,
"1001","Person",2,"220-58-0896","Cook","Brandon",2,
"1005","Person",1,"859-55-6280","Reyes","Jack",1,
"1009","Person",1,"271-53-9609","Lawrence","Carl",1,
"1013","Person",1,"913-69-6997","Oliver","Christopher",1,
"1017","Person",2,"209-68-2617","Jackson","Diana",2,
"1021","Person",3,"903-87-6930","Willis","Benjamin",3,
"1024","Person",3,"214-77-6416","Foster","Andrew",3,
"1027","Person",1,"858-93-2794","Jackson","Steven",1,
"1031","Person",1,"272-55-4293","Shaw","Philip",1,
"1035","Person",1,"848-25-8473","Jones","Harry",1,
"1039","Person",2,"284-01-5241","Nguyen","Wayne",2,
"1043","Person",2,"890-81-1579","Jacobs","John",2,
"1046","Person",2,"237-02-1263","Bradley","Adam",2,
"1049","Person",1,"873-29-2620","Austin","Heather",1,
"1053","Person",1,"255-89-9885","Fox","Matthew",1,
"1055","Person",1,"855-81-1387","Cooper","Ralph",1,
"1057","Person",1,"274-72-8781","Williams","Betty",1,
"1061","Person",1,"893-12-3541","Butler","Maria",1,
"1063","Person",1,"234-37-9132","Martin","Cheryl",1,
"1067","Person",1,"867-78-8919","Smith","Ryan",1,
"1069","Person",1,"260-95-0836","Powell","Theresa",1,
"1073","Person",1,"893-63-6176","Alexander","Amanda",1,
"1076","Person",1,"222-79-5145","Sims","Philip",1,
"1080","Person",1,"895-45-1258","Butler","Patricia",1,
"1084","Person",1,"220-62-1837","Harper","Victor",1,
"1088","Person",1,"890-58-5813","Marshall","Craig",1,
"1092","Person",1,"240-77-5251","Moreno","Andrea",1,
"1096","Person",1,"861-75-4699","Ellis","Janet",1,
"1100","Person",1,"266-39-6752","Shaw","Joan",1,
"1104","Person",2,"859-33-6845","Mccoy","Joshua",2,
"1108","Person",2,"272-24-9625","Turner","Peter",2,
"1111","Person",2,"861-16-2336","Hanson","Patricia",2,
"1114","Person",1,"267-89-6011","Phillips","Andrea",1,
"1118","Person",1,"918-23-4923","Thompson","Ernest",1,
"1122","Person",1,"204-79-2659","Elliott","Karen",1,
"1126","Person",1,"885-46-4577","Porter","Rachel",1,
"1128","Person",1,"244-58-2483","Bryant","Janice",1,
"1129","Person",1,"900-49-2935","Chapman","Frances",1,
"1133","Person",1,"215-46-0151","Fields","Kelly",1,
"1134","Person",1,"306-99-5229","Fuller","Juan",1,
"1138","Person",1,"386-26-5935","Hanson","Andrea",1,
"1140","Person",1,"392-52-7176","Murray","William",1,
"1144","Person",1,"397-28-4474","Martinez","Lillian",1,
"1148","Person",1,"358-19-2542","Cunningham","Janet",1,
"1151","Person",1,"348-63-8190","Jacobs","Henry",1,
"1155","Person",1,"335-36-7489","Brown","Denise",1,
"1159","Person",1,"318-12-3766","Foster","Tammy",1,
"1162","Person",1,"364-47-2445","Oliver","Harold",1,
"1166","Person",1,"305-25-0352","Hamilton","Jason",1,
"1170","Person",1,"308-26-6839","Gutierrez","Emily",1,
"1174","Person",1,"369-63-7305","Berry","Eric",1,
"1178","Person",1,"391-46-9135","George","Andrea",1,
"1182","Person",1,"328-87-5383","Hughes","Nancy",1,
"1186","Person",1,"346-96-9018","Hunt","Justin",1,
"1190","Person",1,"383-09-0127","Mills","Melissa",1,
"1194","Person",2,"323-71-3763","Wheeler","Patricia",2,
"1198","Person",1,"351-83-4608","Montgomery","Andrea",1,
"1202","Person",1,"323-32-8478","Fuller","Jeffrey",1,
"1206","Person",1,"318-22-2828","Martin","Michael",1,
"1210","Person",1,"329-25-8167","James","Walter",1,
"1214","Person",1,"358-44-8218","Green","Edward",1,
"1218","Person",1,"367-66-5520","Johnston","Donald",1,
"1222","Person",1,"358-70-5810","Fuller","Carl",1,
"1226","Person",1,"301-93-2650","Hughes","Louis",1,
"1230","Person",1,"331-13-6835","Jenkins","Philip",1,
"1234","Person",1,"308-53-8009","Fernandez","Kenneth",1,
"1238","Person",0,"622-53-3302","Gilbert","Bonnie",0,
"1242","Person",1,"378-88-6858","Clark","Anne",1,
"1244","Person",1,"330-07-1068","Burns","Marilyn",1,
"1246","Person",1,"400-52-2389","Hanson","Irene",1,
"1250","Person",1,"349-76-9672","Day","Linda",1,
"1253","Person",1,"307-09-8719","Butler","Jennifer",1,
"1257","Person",1,"400-15-2581","Nichols","Doris",1,
"1261","Person",2,"362-49-5861","Richards","Louis",2,
"1265","Person",2,"367-54-3328","Murphy","Amy",2,
"1268","Person",2,"349-36-6161","Knight","Christopher",2,
"1271","Person",1,"302-08-4754","Howell","Matthew",1,
"1275","Person",1,"341-10-3619","Phillips","Roy",1,
"1277","Person",1,"383-26-3713","Green","Jose",1,
"1279","Person",4,"337-28-4424","Williamson","Phillip",4,
"1283","Person",2,"311-75-6483","Kelly","Jessica",2,
"1286","Person",3,"335-71-7747","Morales","Brian",3,
"1289","Person",1,"370-83-8697","Rogers","Donna",1,
"1293","Person",1,"399-27-1032","Nguyen","Jeffrey",1,
"1297","Person",1,"386-78-8432","Barnes","Nicholas",1,
"1301","Person",1,"314-45-9119","Gibson","Virginia",1,
"1304","Person",3,"335-29-6415","Dean","Roy",3,
"1308","Person",1,"401-01-1355","Carr","Patricia",1,
"1312","Person",1,"303-86-0371","Gray","Carol",1,
"1316","Person",1,"338-31-6051","Bradley","Diane",1,
"1320","Person",1,"304-37-2483","Austin","Dennis",1,
"61533","Person",0,,"Depeau","Joe",0,